Timestamp,Source IP,Dest IP,Ports,Protocol,Classification,Confidence,Alert Level,CNN,RF,Suricata
13:30:16,10.172.153.236,192.168.144.30,80→58211,TCP,Infilteration,52.4%,MEDIUM,Infilteration (7),Infilteration (7),None
13:30:16,10.221.71.156,192.168.221.207,80→12023,TCP,Infilteration,52.4%,MEDIUM,Infilteration (7),Infilteration (7),None
13:30:16,10.201.32.52,192.168.99.117,443→58637,TCP,Infilteration,52.4%,MEDIUM,Infilteration (7),Infilteration (7),None
13:30:17,10.150.63.9,192.168.200.69,63175→5291,TCP,Infilteration,52.4%,MEDIUM,Infilteration (7),Infilteration (7),None
13:30:17,10.102.19.76,192.168.221.182,52533→60699,TCP,Infilteration,52.4%,MEDIUM,Infilteration (7),Infilteration (7),None
13:30:17,10.0.212.245,192.168.129.116,3389→56756,TCP,Infilteration,52.4%,MEDIUM,Infilteration (7),Infilteration (7),None
13:30:17,10.248.118.250,192.168.130.138,53→45592,UDP,Benign,58.2%,INFO,Benign (0),Benign (0),None
13:30:17,10.33.76.78,192.168.215.75,80→26163,TCP,Infilteration,52.4%,MEDIUM,Infilteration (7),Infilteration (7),None
13:30:17,10.123.161.121,192.168.22.117,54938→2500,TCP,Infilteration,52.4%,MEDIUM,Infilteration (7),Infilteration (7),None
13:30:17,10.142.154.233,192.168.182.219,3389→50911,TCP,Infilteration,52.4%,MEDIUM,Infilteration (7),Infilteration (7),None
13:30:17,10.214.129.153,192.168.23.160,53→33062,UDP,Benign,58.2%,INFO,Benign (0),Benign (0),None
13:30:17,10.98.244.37,192.168.182.91,443→33285,TCP,Infilteration,52.4%,MEDIUM,Infilteration (7),Infilteration (7),None
13:30:17,10.102.49.223,192.168.82.173,53→40278,UDP,Benign,58.2%,INFO,Benign (0),Benign (0),None
13:30:17,10.74.153.117,192.168.18.245,53803→15659,TCP,Infilteration,52.4%,MEDIUM,Infilteration (7),Infilteration (7),None
13:30:17,10.135.133.35,192.168.122.185,443→30642,TCP,Infilteration,52.4%,MEDIUM,Infilteration (7),Infilteration (7),None
13:30:17,10.55.240.240,192.168.138.84,50524→2296,TCP,Infilteration,52.4%,MEDIUM,Infilteration (7),Infilteration (7),None
13:30:17,10.181.64.126,192.168.227.176,53→63104,UDP,Benign,58.2%,INFO,Benign (0),Benign (0),None
13:30:18,10.131.231.157,192.168.218.143,56402→23001,TCP,Infilteration,52.4%,MEDIUM,Infilteration (7),Infilteration (7),None
13:30:18,10.208.202.140,192.168.219.208,58291→20366,TCP,Infilteration,52.4%,MEDIUM,Infilteration (7),Infilteration (7),None
13:30:18,10.104.81.217,192.168.33.85,3389→48799,TCP,Infilteration,52.4%,MEDIUM,Infilteration (7),Infilteration (7),None
13:30:18,10.74.239.126,192.168.102.223,3389→36346,TCP,Infilteration,52.4%,MEDIUM,Infilteration (7),Infilteration (7),None
13:30:18,10.106.180.199,192.168.133.249,3389→17443,TCP,Infilteration,52.4%,MEDIUM,Infilteration (7),Infilteration (7),None
13:30:18,10.142.8.127,192.168.91.51,3389→42154,TCP,Infilteration,52.4%,MEDIUM,Infilteration (7),Infilteration (7),None
13:30:18,10.249.117.124,192.168.115.242,53→6591,UDP,Benign,58.2%,INFO,Benign (0),Benign (0),None
13:30:18,10.170.30.213,192.168.74.210,53→14566,UDP,Benign,58.2%,INFO,Benign (0),Benign (0),None
13:30:18,10.111.247.174,192.168.117.230,80→55106,TCP,Infilteration,52.4%,MEDIUM,Infilteration (7),Infilteration (7),None
13:30:18,10.140.218.198,192.168.79.114,53→6781,UDP,Benign,58.2%,INFO,Benign (0),Benign (0),None
13:30:18,10.250.37.102,192.168.151.202,53→33912,UDP,Benign,58.2%,INFO,Benign (0),Benign (0),None
13:30:18,10.80.250.77,192.168.85.210,80→15699,TCP,Infilteration,52.4%,MEDIUM,Infilteration (7),Infilteration (7),None
13:30:18,10.129.157.87,192.168.10.42,65533→52651,TCP,Infilteration,52.4%,MEDIUM,Infilteration (7),Infilteration (7),None
13:30:18,10.126.52.3,192.168.169.110,53→18372,UDP,Benign,58.2%,INFO,Benign (0),Benign (0),None
13:30:18,10.44.81.46,192.168.36.178,53→14131,UDP,Benign,58.2%,INFO,Benign (0),Benign (0),None
13:30:19,10.216.41.11,192.168.178.167,445→14114,TCP,Infilteration,52.4%,MEDIUM,Infilteration (7),Infilteration (7),None
13:30:19,10.101.46.107,192.168.172.61,53→6918,UDP,Benign,58.2%,INFO,Benign (0),Benign (0),None
13:30:19,10.127.198.228,192.168.252.46,36834→37046,TCP,Infilteration,52.4%,MEDIUM,Infilteration (7),Infilteration (7),None
13:30:19,10.241.186.242,192.168.46.196,443→56856,TCP,Infilteration,52.4%,MEDIUM,Infilteration (7),Infilteration (7),None
13:30:19,10.48.129.36,192.168.4.37,30490→40674,TCP,Infilteration,52.4%,MEDIUM,Infilteration (7),Infilteration (7),None
13:30:19,10.21.197.55,192.168.153.78,80→58879,TCP,Infilteration,52.4%,MEDIUM,Infilteration (7),Infilteration (7),None
13:30:19,10.74.96.115,192.168.190.24,53→6565,UDP,Benign,58.2%,INFO,Benign (0),Benign (0),None
13:30:19,10.65.114.163,192.168.231.9,53→45391,UDP,Benign,58.2%,INFO,Benign (0),Benign (0),None
13:30:19,10.194.35.14,192.168.83.176,53→54498,UDP,Benign,58.2%,INFO,Benign (0),Benign (0),None
13:30:19,10.94.34.93,192.168.101.95,443→55925,TCP,Infilteration,52.4%,MEDIUM,Infilteration (7),Infilteration (7),None
13:30:19,10.189.185.11,192.168.115.59,445→6152,TCP,Infilteration,52.4%,MEDIUM,Infilteration (7),Infilteration (7),None
13:30:19,10.205.89.5,192.168.12.92,53→42009,UDP,Benign,58.2%,INFO,Benign (0),Benign (0),None
13:30:19,10.48.60.245,192.168.200.139,3389→53804,TCP,Infilteration,52.4%,MEDIUM,Infilteration (7),Infilteration (7),None
13:30:19,10.2.29.219,192.168.8.109,3389→30406,TCP,Infilteration,52.4%,MEDIUM,Infilteration (7),Infilteration (7),None
13:30:20,10.190.9.5,192.168.198.197,49727→52697,TCP,Infilteration,52.4%,MEDIUM,Infilteration (7),Infilteration (7),None
13:30:20,10.197.11.8,192.168.189.106,443→58823,TCP,Infilteration,52.4%,MEDIUM,Infilteration (7),Infilteration (7),None
13:30:20,10.217.54.7,192.168.38.200,80→48822,TCP,Infilteration,52.4%,MEDIUM,Infilteration (7),Infilteration (7),None
13:30:20,10.144.109.133,192.168.67.171,3389→55713,TCP,Infilteration,52.4%,MEDIUM,Infilteration (7),Infilteration (7),None
13:30:20,10.49.206.144,192.168.138.107,53→19631,UDP,Benign,58.2%,INFO,Benign (0),Benign (0),None
13:30:20,10.174.180.46,192.168.123.22,443→11309,TCP,Infilteration,52.4%,MEDIUM,Infilteration (7),Infilteration (7),None
13:30:20,10.194.151.243,192.168.237.253,49407→39113,TCP,Infilteration,52.4%,MEDIUM,Infilteration (7),Infilteration (7),None
13:30:20,10.124.170.85,192.168.43.210,0→4160,TCP,Infilteration,52.4%,MEDIUM,Infilteration (7),Infilteration (7),None
13:30:20,10.143.137.187,192.168.104.101,53147→15091,TCP,Infilteration,52.4%,MEDIUM,Infilteration (7),Infilteration (7),None
13:30:20,10.53.76.82,192.168.254.13,443→42507,TCP,Infilteration,52.4%,MEDIUM,Infilteration (7),Infilteration (7),None
13:30:20,10.119.238.151,192.168.150.135,3389→10167,TCP,Infilteration,52.4%,MEDIUM,Infilteration (7),Infilteration (7),None
13:30:20,10.181.39.216,192.168.225.130,443→51115,TCP,Infilteration,52.4%,MEDIUM,Infilteration (7),Infilteration (7),None
13:30:20,10.59.221.135,192.168.68.239,445→59689,TCP,Infilteration,52.4%,MEDIUM,Infilteration (7),Infilteration (7),None
13:30:20,10.95.168.148,192.168.108.22,53→24707,UDP,Benign,58.2%,INFO,Benign (0),Benign (0),None
13:30:21,10.43.143.115,192.168.3.67,60143→38884,TCP,Infilteration,52.4%,MEDIUM,Infilteration (7),Infilteration (7),None
13:30:21,10.177.174.201,192.168.233.32,53→17339,UDP,Benign,58.2%,INFO,Benign (0),Benign (0),None
13:30:21,10.50.237.91,192.168.119.69,3389→49849,TCP,Infilteration,52.4%,MEDIUM,Infilteration (7),Infilteration (7),None
13:30:21,10.221.35.40,192.168.196.79,445→59835,TCP,Infilteration,52.4%,MEDIUM,Infilteration (7),Infilteration (7),None
13:30:21,10.26.230.163,192.168.103.154,53→22141,UDP,Benign,58.2%,INFO,Benign (0),Benign (0),None
13:30:21,10.73.68.80,192.168.211.207,49621→48709,TCP,Infilteration,52.4%,MEDIUM,Infilteration (7),Infilteration (7),None
13:30:21,10.200.52.189,192.168.229.96,3389→32777,TCP,Infilteration,52.4%,MEDIUM,Infilteration (7),Infilteration (7),None
13:30:21,10.51.49.15,192.168.127.174,53→20276,UDP,Benign,58.2%,INFO,Benign (0),Benign (0),None
13:30:21,10.132.154.71,192.168.43.193,53→2963,UDP,Benign,58.2%,INFO,Benign (0),Benign (0),None
13:30:21,10.23.135.32,192.168.208.35,445→6452,TCP,Infilteration,52.4%,MEDIUM,Infilteration (7),Infilteration (7),None
13:30:21,10.127.40.136,192.168.76.77,80→14571,TCP,Infilteration,52.4%,MEDIUM,Infilteration (7),Infilteration (7),None
13:30:21,10.49.18.182,192.168.223.193,443→39927,TCP,Infilteration,52.4%,MEDIUM,Infilteration (7),Infilteration (7),None
13:30:21,10.249.181.189,192.168.45.239,3389→58742,TCP,Infilteration,52.4%,MEDIUM,Infilteration (7),Infilteration (7),None
13:30:22,10.231.141.96,192.168.216.104,443→52513,TCP,Infilteration,52.4%,MEDIUM,Infilteration (7),Infilteration (7),None
13:30:22,10.35.208.139,192.168.188.22,51739→31236,TCP,Infilteration,52.4%,MEDIUM,Infilteration (7),Infilteration (7),None
13:30:22,10.226.105.250,192.168.36.105,53→54007,UDP,Benign,58.2%,INFO,Benign (0),Benign (0),None
13:30:22,10.55.62.251,192.168.84.210,53→21135,UDP,Benign,58.2%,INFO,Benign (0),Benign (0),None
13:30:22,10.228.65.173,192.168.206.172,24800→51428,TCP,Infilteration,52.4%,MEDIUM,Infilteration (7),Infilteration (7),None
13:30:22,10.111.14.177,192.168.208.235,53→6696,UDP,Benign,58.2%,INFO,Benign (0),Benign (0),None
13:30:22,10.221.242.181,192.168.56.209,53→24170,UDP,Benign,58.2%,INFO,Benign (0),Benign (0),None
13:30:22,10.56.25.104,192.168.92.150,38246→37241,TCP,Infilteration,52.4%,MEDIUM,Infilteration (7),Infilteration (7),None
13:30:22,10.245.38.157,192.168.208.106,53→44695,UDP,Benign,58.2%,INFO,Benign (0),Benign (0),None
13:30:22,10.90.169.146,192.168.130.32,137→26997,UDP,Benign,58.2%,INFO,Benign (0),Benign (0),None
13:30:22,10.71.2.226,192.168.197.106,53→43157,UDP,Benign,58.2%,INFO,Benign (0),Benign (0),None
13:30:22,10.128.5.42,192.168.125.11,51703→3353,TCP,Infilteration,52.4%,MEDIUM,Infilteration (7),Infilteration (7),None
13:30:22,10.184.109.205,192.168.66.31,50116→53420,TCP,Infilteration,52.4%,MEDIUM,Infilteration (7),Infilteration (7),None
13:30:22,10.153.91.248,192.168.81.39,443→12883,TCP,Infilteration,52.4%,MEDIUM,Infilteration (7),Infilteration (7),None
13:30:23,10.116.25.32,192.168.61.57,50474→19938,TCP,Infilteration,52.4%,MEDIUM,Infilteration (7),Infilteration (7),None
13:30:23,10.164.0.181,192.168.2.214,3389→29430,TCP,Infilteration,52.4%,MEDIUM,Infilteration (7),Infilteration (7),None
13:30:23,10.190.151.125,192.168.214.36,80→17528,TCP,Infilteration,52.4%,MEDIUM,Infilteration (7),Infilteration (7),None
13:30:23,10.243.160.250,192.168.21.10,60948→12989,TCP,Infilteration,52.4%,MEDIUM,Infilteration (7),Infilteration (7),None
13:30:23,10.221.167.118,192.168.109.245,47492→51904,TCP,Infilteration,52.4%,MEDIUM,Infilteration (7),Infilteration (7),None
13:30:23,10.88.96.14,192.168.213.208,79→59363,TCP,Infilteration,52.4%,MEDIUM,Infilteration (7),Infilteration (7),None
13:30:23,10.176.205.41,192.168.57.66,55434→35964,TCP,Infilteration,52.4%,MEDIUM,Infilteration (7),Infilteration (7),None
13:30:23,10.240.252.56,192.168.154.105,443→50179,TCP,Infilteration,52.4%,MEDIUM,Infilteration (7),Infilteration (7),None
13:30:23,10.72.205.142,192.168.61.87,80→13204,TCP,Infilteration,52.4%,MEDIUM,Infilteration (7),Infilteration (7),None
13:30:23,10.107.186.144,192.168.66.128,53→54791,UDP,Benign,58.2%,INFO,Benign (0),Benign (0),None
13:30:23,10.238.138.37,192.168.33.158,443→42258,TCP,Infilteration,52.4%,MEDIUM,Infilteration (7),Infilteration (7),None
13:30:23,10.71.63.239,192.168.20.86,35966→8763,TCP,Infilteration,52.4%,MEDIUM,Infilteration (7),Infilteration (7),None
13:30:24,10.135.173.102,192.168.17.237,38043→25705,TCP,Infilteration,52.4%,MEDIUM,Infilteration (7),Infilteration (7),None
13:30:24,10.123.184.248,192.168.251.48,80→65316,TCP,Infilteration,52.4%,MEDIUM,Infilteration (7),Infilteration (7),None
13:30:24,10.234.150.122,192.168.93.195,80→29317,TCP,Infilteration,52.4%,MEDIUM,Infilteration (7),Infilteration (7),None
13:30:24,10.153.144.63,192.168.5.81,3389→3486,TCP,Infilteration,52.4%,MEDIUM,Infilteration (7),Infilteration (7),None
13:30:24,10.248.90.35,192.168.118.187,30083→44320,TCP,Infilteration,52.4%,MEDIUM,Infilteration (7),Infilteration (7),None
13:30:24,10.131.143.91,192.168.206.122,443→45689,TCP,Infilteration,52.4%,MEDIUM,Infilteration (7),Infilteration (7),None
13:30:24,10.80.163.237,192.168.95.90,443→59071,TCP,Infilteration,52.4%,MEDIUM,Infilteration (7),Infilteration (7),None
13:30:24,10.147.76.239,192.168.157.45,80→55805,TCP,Infilteration,52.4%,MEDIUM,Infilteration (7),Infilteration (7),None
13:30:24,10.214.72.82,192.168.155.93,80→63500,TCP,Infilteration,52.4%,MEDIUM,Infilteration (7),Infilteration (7),None
13:30:24,10.31.99.246,192.168.75.213,49920→8574,TCP,Infilteration,52.4%,MEDIUM,Infilteration (7),Infilteration (7),None
13:30:24,10.137.80.86,192.168.125.123,0→27514,TCP,Infilteration,52.4%,MEDIUM,Infilteration (7),Infilteration (7),None
13:30:24,10.152.168.52,192.168.125.128,3389→49173,TCP,Infilteration,52.4%,MEDIUM,Infilteration (7),Infilteration (7),None
13:30:24,10.2.40.183,192.168.2.211,3787→56030,TCP,Infilteration,52.4%,MEDIUM,Infilteration (7),Infilteration (7),None
13:30:25,10.155.237.146,192.168.112.165,50508→40013,TCP,Infilteration,52.4%,MEDIUM,Infilteration (7),Infilteration (7),None
13:30:25,10.152.209.2,192.168.63.252,26383→22203,TCP,Infilteration,52.4%,MEDIUM,Infilteration (7),Infilteration (7),None
13:30:25,10.12.219.165,192.168.60.35,0→37746,TCP,Infilteration,52.4%,MEDIUM,Infilteration (7),Infilteration (7),None
13:30:25,10.167.40.53,192.168.10.6,53→49105,UDP,Benign,58.2%,INFO,Benign (0),Benign (0),None
13:30:25,10.173.235.145,192.168.232.127,445→30684,TCP,Infilteration,52.4%,MEDIUM,Infilteration (7),Infilteration (7),None
13:30:25,10.109.166.122,192.168.218.39,53→7815,UDP,Benign,58.2%,INFO,Benign (0),Benign (0),None
13:30:25,10.202.232.243,192.168.222.173,53126→40421,TCP,Infilteration,52.4%,MEDIUM,Infilteration (7),Infilteration (7),None
13:30:25,10.4.135.64,192.168.229.84,3389→49269,TCP,Infilteration,52.4%,MEDIUM,Infilteration (7),Infilteration (7),None
13:30:25,10.14.105.212,192.168.240.107,53→47493,UDP,Benign,58.2%,INFO,Benign (0),Benign (0),None
13:30:25,10.51.255.211,192.168.41.156,48685→31558,TCP,Infilteration,52.4%,MEDIUM,Infilteration (7),Infilteration (7),None
13:30:25,10.223.192.31,192.168.232.248,3389→48008,TCP,Infilteration,52.4%,MEDIUM,Infilteration (7),Infilteration (7),None
13:30:25,10.54.116.66,192.168.63.110,49726→24710,TCP,Infilteration,52.4%,MEDIUM,Infilteration (7),Infilteration (7),None
13:30:25,10.11.141.176,192.168.222.25,51269→62792,TCP,Infilteration,52.4%,MEDIUM,Infilteration (7),Infilteration (7),None
13:30:26,10.93.152.174,192.168.224.126,51369→54807,TCP,Infilteration,52.4%,MEDIUM,Infilteration (7),Infilteration (7),None
13:30:26,10.107.225.249,192.168.141.173,52140→7205,TCP,Infilteration,52.4%,MEDIUM,Infilteration (7),Infilteration (7),None
13:30:26,10.88.217.75,192.168.139.147,57921→12749,TCP,Infilteration,52.4%,MEDIUM,Infilteration (7),Infilteration (7),None
13:30:26,10.104.245.243,192.168.72.140,80→15359,TCP,Infilteration,52.4%,MEDIUM,Infilteration (7),Infilteration (7),None
13:30:26,10.91.148.192,192.168.9.38,3389→16595,TCP,Infilteration,52.4%,MEDIUM,Infilteration (7),Infilteration (7),None
13:30:26,10.7.94.38,192.168.79.92,3389→32386,TCP,Infilteration,52.4%,MEDIUM,Infilteration (7),Infilteration (7),None
13:30:26,10.95.48.61,192.168.46.164,54834→7099,TCP,Infilteration,52.4%,MEDIUM,Infilteration (7),Infilteration (7),None
13:30:26,10.28.91.83,192.168.196.17,80→11777,TCP,Infilteration,52.4%,MEDIUM,Infilteration (7),Infilteration (7),None
13:30:26,10.69.127.251,192.168.138.225,80→31702,TCP,Infilteration,52.4%,MEDIUM,Infilteration (7),Infilteration (7),None
13:30:26,10.67.89.25,192.168.234.228,56554→6759,TCP,Infilteration,52.4%,MEDIUM,Infilteration (7),Infilteration (7),None
13:30:26,10.40.60.242,192.168.152.107,445→50914,TCP,Infilteration,52.4%,MEDIUM,Infilteration (7),Infilteration (7),None
13:30:26,10.190.184.68,192.168.154.17,53→37201,UDP,Benign,58.2%,INFO,Benign (0),Benign (0),None
13:30:26,10.139.102.231,192.168.200.241,53→52288,UDP,Benign,58.2%,INFO,Benign (0),Benign (0),None
13:30:27,10.10.40.100,192.168.17.84,49699→3043,TCP,Infilteration,52.4%,MEDIUM,Infilteration (7),Infilteration (7),None
13:30:27,10.124.45.51,192.168.212.13,53→41887,UDP,Benign,58.2%,INFO,Benign (0),Benign (0),None
13:30:27,10.210.174.115,192.168.8.168,3389→47364,TCP,Infilteration,52.4%,MEDIUM,Infilteration (7),Infilteration (7),None
13:30:27,10.195.236.91,192.168.1.207,5355→38468,UDP,Benign,58.2%,INFO,Benign (0),Benign (0),None
13:30:27,10.201.111.146,192.168.252.151,49901→35411,TCP,Infilteration,52.4%,MEDIUM,Infilteration (7),Infilteration (7),None
13:30:27,10.202.236.66,192.168.186.130,3389→47225,TCP,Infilteration,52.4%,MEDIUM,Infilteration (7),Infilteration (7),None
13:30:27,10.110.120.152,192.168.169.149,43982→33265,TCP,Infilteration,52.4%,MEDIUM,Infilteration (7),Infilteration (7),None
13:30:27,10.168.61.196,192.168.35.237,65275→50806,TCP,Infilteration,52.4%,MEDIUM,Infilteration (7),Infilteration (7),None
13:30:27,10.115.232.129,192.168.190.141,41074→8384,TCP,Infilteration,52.4%,MEDIUM,Infilteration (7),Infilteration (7),None
13:30:27,10.235.15.77,192.168.120.200,53→8013,UDP,Benign,58.2%,INFO,Benign (0),Benign (0),None
13:30:27,10.199.46.124,192.168.156.214,53→55094,UDP,Benign,58.2%,INFO,Benign (0),Benign (0),None
13:30:27,10.109.237.125,192.168.41.108,443→61957,TCP,Infilteration,52.4%,MEDIUM,Infilteration (7),Infilteration (7),None
13:30:27,10.118.46.252,192.168.138.229,53→6615,UDP,Benign,58.2%,INFO,Benign (0),Benign (0),None
13:30:27,10.178.234.30,192.168.102.253,53→6699,UDP,Benign,58.2%,INFO,Benign (0),Benign (0),None
13:30:28,10.127.220.3,192.168.8.244,53→55496,UDP,Benign,58.2%,INFO,Benign (0),Benign (0),None
13:30:28,10.126.155.183,192.168.60.197,53→34366,UDP,Benign,58.2%,INFO,Benign (0),Benign (0),None
13:30:28,10.135.144.77,192.168.210.116,3389→44842,TCP,Infilteration,52.4%,MEDIUM,Infilteration (7),Infilteration (7),None
13:30:28,10.73.108.212,192.168.77.134,53→26945,UDP,Benign,58.2%,INFO,Benign (0),Benign (0),None
13:30:28,10.159.169.150,192.168.203.146,50752→25032,TCP,Infilteration,52.4%,MEDIUM,Infilteration (7),Infilteration (7),None
13:30:28,10.154.230.126,192.168.115.196,443→31625,TCP,Infilteration,52.4%,MEDIUM,Infilteration (7),Infilteration (7),None
13:30:28,10.225.21.226,192.168.41.132,53→40695,UDP,Benign,58.2%,INFO,Benign (0),Benign (0),None
13:30:28,10.92.158.17,192.168.118.106,51027→17999,TCP,Infilteration,52.4%,MEDIUM,Infilteration (7),Infilteration (7),None
13:30:28,10.108.61.206,192.168.201.231,80→51921,TCP,Infilteration,52.4%,MEDIUM,Infilteration (7),Infilteration (7),None
13:30:28,10.148.161.78,192.168.150.103,53→14171,UDP,Benign,58.2%,INFO,Benign (0),Benign (0),None
13:30:28,10.40.92.96,192.168.109.223,443→37072,TCP,Infilteration,52.4%,MEDIUM,Infilteration (7),Infilteration (7),None
13:30:28,10.13.28.201,192.168.3.190,53→22830,UDP,Benign,58.2%,INFO,Benign (0),Benign (0),None
13:30:28,10.246.36.56,192.168.73.89,53→25633,UDP,Benign,58.2%,INFO,Benign (0),Benign (0),None
13:30:29,10.121.63.222,192.168.54.58,3389→52957,TCP,Infilteration,52.4%,MEDIUM,Infilteration (7),Infilteration (7),None
13:30:29,10.224.112.73,192.168.98.5,80→40114,TCP,Infilteration,52.4%,MEDIUM,Infilteration (7),Infilteration (7),None
13:30:29,10.230.129.37,192.168.199.91,443→21701,TCP,Infilteration,52.4%,MEDIUM,Infilteration (7),Infilteration (7),None
13:30:29,10.47.217.166,192.168.234.138,3389→9375,TCP,Infilteration,52.4%,MEDIUM,Infilteration (7),Infilteration (7),None
13:30:29,10.142.115.232,192.168.177.26,445→8816,TCP,Infilteration,52.4%,MEDIUM,Infilteration (7),Infilteration (7),None
13:30:29,10.176.111.140,192.168.90.135,3005→41893,TCP,Infilteration,52.4%,MEDIUM,Infilteration (7),Infilteration (7),None
13:30:29,10.121.90.18,192.168.180.102,445→57822,TCP,Infilteration,52.4%,MEDIUM,Infilteration (7),Infilteration (7),None
13:30:29,10.195.65.249,192.168.55.35,52979→55847,TCP,Infilteration,52.4%,MEDIUM,Infilteration (7),Infilteration (7),None
13:30:29,10.21.97.63,192.168.233.168,53→35752,UDP,Benign,58.2%,INFO,Benign (0),Benign (0),None
13:30:29,10.11.234.207,192.168.102.113,53→13118,UDP,Benign,58.2%,INFO,Benign (0),Benign (0),None
13:30:29,10.167.215.112,192.168.45.117,443→40019,TCP,Infilteration,52.4%,MEDIUM,Infilteration (7),Infilteration (7),None
13:30:29,10.187.179.100,192.168.218.49,53→61780,UDP,Benign,58.2%,INFO,Benign (0),Benign (0),None
13:30:29,10.59.41.150,192.168.143.242,30429→60910,TCP,Infilteration,52.4%,MEDIUM,Infilteration (7),Infilteration (7),None
13:30:30,10.177.120.172,192.168.250.62,53→28956,UDP,Benign,58.2%,INFO,Benign (0),Benign (0),None
13:30:30,10.5.21.162,192.168.8.186,3389→48077,TCP,Infilteration,52.4%,MEDIUM,Infilteration (7),Infilteration (7),None
13:30:30,10.76.137.211,192.168.223.165,445→12436,TCP,Infilteration,52.4%,MEDIUM,Infilteration (7),Infilteration (7),None
13:30:30,10.16.114.113,192.168.177.212,53→25759,UDP,Benign,58.2%,INFO,Benign (0),Benign (0),None
13:30:30,10.232.165.69,192.168.225.151,53→3956,UDP,Benign,58.2%,INFO,Benign (0),Benign (0),None
13:30:30,10.80.185.23,192.168.247.139,53→32972,UDP,Benign,58.2%,INFO,Benign (0),Benign (0),None
13:30:30,10.150.134.81,192.168.208.203,80→34226,TCP,Infilteration,52.4%,MEDIUM,Infilteration (7),Infilteration (7),None
13:30:30,10.57.178.244,192.168.75.125,53→9988,UDP,Benign,58.2%,INFO,Benign (0),Benign (0),None
13:30:30,10.47.101.172,192.168.16.11,80→16680,TCP,Infilteration,52.4%,MEDIUM,Infilteration (7),Infilteration (7),None
13:30:30,10.8.97.86,192.168.91.253,443→10247,TCP,Infilteration,52.4%,MEDIUM,Infilteration (7),Infilteration (7),None
13:30:30,10.41.163.218,192.168.198.110,80→14187,TCP,Infilteration,52.4%,MEDIUM,Infilteration (7),Infilteration (7),None
13:30:30,10.0.177.102,192.168.145.11,53→40851,UDP,Benign,58.2%,INFO,Benign (0),Benign (0),None
13:30:30,10.243.137.46,192.168.150.36,53→5929,UDP,Benign,58.2%,INFO,Benign (0),Benign (0),None
13:30:31,10.73.33.36,192.168.108.158,445→2953,TCP,Infilteration,52.4%,MEDIUM,Infilteration (7),Infilteration (7),None
13:30:31,10.95.68.33,192.168.125.194,80→8540,TCP,Infilteration,52.4%,MEDIUM,Infilteration (7),Infilteration (7),None
13:30:31,10.93.107.96,192.168.66.213,53→1587,UDP,Benign,58.2%,INFO,Benign (0),Benign (0),None
13:30:31,10.197.12.207,192.168.127.142,53→56408,UDP,Benign,58.2%,INFO,Benign (0),Benign (0),None
13:30:31,10.50.193.67,192.168.168.83,49466→13007,TCP,Infilteration,52.4%,MEDIUM,Infilteration (7),Infilteration (7),None
13:30:31,10.125.16.125,192.168.176.5,53→20760,UDP,Benign,58.2%,INFO,Benign (0),Benign (0),None
13:30:31,10.197.109.231,192.168.170.185,3128→42832,TCP,Infilteration,52.4%,MEDIUM,Infilteration (7),Infilteration (7),None
13:30:31,10.184.231.104,192.168.29.14,80→26439,TCP,Infilteration,52.4%,MEDIUM,Infilteration (7),Infilteration (7),None
13:30:31,10.143.236.27,192.168.188.159,63833→17034,TCP,Infilteration,52.4%,MEDIUM,Infilteration (7),Infilteration (7),None
13:30:31,10.231.25.129,192.168.62.213,53→20287,UDP,Benign,58.2%,INFO,Benign (0),Benign (0),None
13:30:31,10.148.159.3,192.168.22.116,61532→34615,TCP,Infilteration,52.4%,MEDIUM,Infilteration (7),Infilteration (7),None
13:30:31,10.125.74.211,192.168.72.236,445→2009,TCP,Infilteration,52.4%,MEDIUM,Infilteration (7),Infilteration (7),None
13:30:32,10.222.110.14,192.168.37.99,445→24838,TCP,Infilteration,52.4%,MEDIUM,Infilteration (7),Infilteration (7),None
13:30:32,10.176.236.177,192.168.241.238,53→52659,UDP,Benign,58.2%,INFO,Benign (0),Benign (0),None
13:30:32,10.167.122.204,192.168.75.38,443→22005,TCP,Infilteration,52.4%,MEDIUM,Infilteration (7),Infilteration (7),None
13:30:32,10.178.32.42,192.168.14.223,443→51932,TCP,Infilteration,52.4%,MEDIUM,Infilteration (7),Infilteration (7),None
13:30:32,10.109.105.195,192.168.8.233,6455→47037,TCP,Infilteration,52.4%,MEDIUM,Infilteration (7),Infilteration (7),None
13:30:32,10.53.49.152,192.168.29.206,53→51957,UDP,Benign,58.2%,INFO,Benign (0),Benign (0),None
13:30:32,10.148.142.104,192.168.76.217,53→16066,UDP,Benign,58.2%,INFO,Benign (0),Benign (0),None
13:30:32,10.235.69.3,192.168.201.137,3389→4018,TCP,Infilteration,52.4%,MEDIUM,Infilteration (7),Infilteration (7),None
13:30:32,10.174.237.28,192.168.128.149,53614→50948,TCP,Infilteration,52.4%,MEDIUM,Infilteration (7),Infilteration (7),None
13:30:32,10.171.164.199,192.168.123.139,3389→21798,TCP,Infilteration,52.4%,MEDIUM,Infilteration (7),Infilteration (7),None
13:30:32,10.152.27.77,192.168.44.62,53→60916,UDP,Benign,58.2%,INFO,Benign (0),Benign (0),None
13:30:32,10.206.159.248,192.168.42.152,5001→9251,TCP,Infilteration,52.4%,MEDIUM,Infilteration (7),Infilteration (7),None
13:30:32,10.212.107.64,192.168.65.215,443→32474,TCP,Infilteration,52.4%,MEDIUM,Infilteration (7),Infilteration (7),None
13:30:33,10.136.248.198,192.168.117.185,53→32633,UDP,Benign,58.2%,INFO,Benign (0),Benign (0),None
13:30:33,10.244.15.3,192.168.129.115,53→35900,UDP,Benign,58.2%,INFO,Benign (0),Benign (0),None
13:30:33,10.212.133.243,192.168.39.34,53→47541,UDP,Benign,58.2%,INFO,Benign (0),Benign (0),None
13:30:33,10.88.114.19,192.168.224.130,51804→31865,TCP,Infilteration,52.4%,MEDIUM,Infilteration (7),Infilteration (7),None
13:30:33,10.244.189.111,192.168.206.149,53→11253,UDP,Benign,58.2%,INFO,Benign (0),Benign (0),None
13:30:33,10.224.184.170,192.168.190.149,53→48145,UDP,Benign,58.2%,INFO,Benign (0),Benign (0),None
13:30:33,10.115.34.199,192.168.27.247,51450→12125,TCP,Infilteration,52.4%,MEDIUM,Infilteration (7),Infilteration (7),None
13:30:33,10.100.170.19,192.168.30.2,80→9393,TCP,Infilteration,52.4%,MEDIUM,Infilteration (7),Infilteration (7),None
13:30:33,10.238.2.149,192.168.84.31,53→60582,UDP,Benign,58.2%,INFO,Benign (0),Benign (0),None
13:30:33,10.193.40.240,192.168.195.86,0→59730,TCP,Infilteration,52.4%,MEDIUM,Infilteration (7),Infilteration (7),None
13:30:33,10.139.169.223,192.168.244.172,20828→12438,TCP,Infilteration,52.4%,MEDIUM,Infilteration (7),Infilteration (7),None
13:30:33,10.143.143.197,192.168.149.105,80→22288,TCP,Infilteration,52.4%,MEDIUM,Infilteration (7),Infilteration (7),None
13:30:33,10.217.24.149,192.168.255.212,57377→42263,TCP,Infilteration,52.4%,MEDIUM,Infilteration (7),Infilteration (7),None
13:30:34,10.213.0.84,192.168.110.72,46907→55652,TCP,Infilteration,52.4%,MEDIUM,Infilteration (7),Infilteration (7),None
13:30:34,10.125.213.57,192.168.36.220,53→47540,UDP,Benign,58.2%,INFO,Benign (0),Benign (0),None
13:30:34,10.56.76.210,192.168.39.195,54826→2627,TCP,Infilteration,52.4%,MEDIUM,Infilteration (7),Infilteration (7),None
13:30:34,10.243.243.244,192.168.155.171,47482→40385,TCP,Infilteration,52.4%,MEDIUM,Infilteration (7),Infilteration (7),None
13:30:34,10.238.188.39,192.168.96.187,50936→51452,TCP,Infilteration,52.4%,MEDIUM,Infilteration (7),Infilteration (7),None
13:30:34,10.145.75.163,192.168.88.246,80→42627,TCP,Infilteration,52.4%,MEDIUM,Infilteration (7),Infilteration (7),None
13:30:34,10.81.76.21,192.168.114.138,0→18408,TCP,Infilteration,52.4%,MEDIUM,Infilteration (7),Infilteration (7),None
13:30:34,10.14.61.239,192.168.76.196,62181→41635,TCP,Infilteration,52.4%,MEDIUM,Infilteration (7),Infilteration (7),None
13:30:34,10.207.247.189,192.168.142.130,53→35203,UDP,Benign,58.2%,INFO,Benign (0),Benign (0),None
13:30:34,10.57.63.249,192.168.103.38,52040→56601,TCP,Infilteration,52.4%,MEDIUM,Infilteration (7),Infilteration (7),None
13:30:34,10.107.189.27,192.168.63.63,53→5317,UDP,Benign,58.2%,INFO,Benign (0),Benign (0),None
13:30:34,10.176.74.80,192.168.37.244,5355→24959,UDP,Benign,58.2%,INFO,Benign (0),Benign (0),None
13:30:34,10.107.245.105,192.168.213.198,445→45080,TCP,Infilteration,52.4%,MEDIUM,Infilteration (7),Infilteration (7),None
13:30:35,10.140.96.50,192.168.208.43,443→34529,TCP,Infilteration,52.4%,MEDIUM,Infilteration (7),Infilteration (7),None
13:30:35,10.84.114.182,192.168.121.8,445→49345,TCP,Infilteration,52.4%,MEDIUM,Infilteration (7),Infilteration (7),None
13:30:35,10.32.233.45,192.168.156.214,53→16176,UDP,Benign,58.2%,INFO,Benign (0),Benign (0),None
13:30:35,10.247.49.233,192.168.105.23,445→32436,TCP,Infilteration,52.4%,MEDIUM,Infilteration (7),Infilteration (7),None
13:30:35,10.113.65.32,192.168.194.73,58745→37941,TCP,Infilteration,52.4%,MEDIUM,Infilteration (7),Infilteration (7),None
13:30:35,10.61.145.16,192.168.153.54,3389→53058,TCP,Infilteration,52.4%,MEDIUM,Infilteration (7),Infilteration (7),None
13:30:35,10.179.247.69,192.168.87.218,47598→12407,TCP,Infilteration,52.4%,MEDIUM,Infilteration (7),Infilteration (7),None
13:30:35,10.83.124.163,192.168.26.228,53→7658,UDP,Benign,58.2%,INFO,Benign (0),Benign (0),None
13:30:35,10.118.120.44,192.168.27.241,53→5296,UDP,Benign,58.2%,INFO,Benign (0),Benign (0),None
13:30:35,10.244.12.27,192.168.35.253,55366→39635,TCP,Infilteration,52.4%,MEDIUM,Infilteration (7),Infilteration (7),None
13:30:35,10.123.217.65,192.168.210.74,64109→5638,TCP,Infilteration,52.4%,MEDIUM,Infilteration (7),Infilteration (7),None
13:30:35,10.5.1.94,192.168.107.103,50485→61616,TCP,Infilteration,52.4%,MEDIUM,Infilteration (7),Infilteration (7),None
13:30:35,10.243.244.247,192.168.81.246,443→7548,TCP,Infilteration,52.4%,MEDIUM,Infilteration (7),Infilteration (7),None
13:30:36,10.60.89.214,192.168.88.142,9476→11673,TCP,Infilteration,52.4%,MEDIUM,Infilteration (7),Infilteration (7),None
13:30:36,10.88.172.34,192.168.248.8,53→30569,UDP,Benign,58.2%,INFO,Benign (0),Benign (0),None
13:30:36,10.80.171.242,192.168.29.234,50682→22630,TCP,Infilteration,52.4%,MEDIUM,Infilteration (7),Infilteration (7),None
13:30:36,10.231.92.54,192.168.222.109,443→15728,TCP,Infilteration,52.4%,MEDIUM,Infilteration (7),Infilteration (7),None
13:30:36,10.13.246.27,192.168.178.23,52054→3093,TCP,Infilteration,52.4%,MEDIUM,Infilteration (7),Infilteration (7),None
13:30:36,10.105.73.8,192.168.76.75,53→58969,UDP,Benign,58.2%,INFO,Benign (0),Benign (0),None
13:30:36,10.63.85.90,192.168.20.243,80→20028,TCP,Infilteration,52.4%,MEDIUM,Infilteration (7),Infilteration (7),None
13:30:36,10.32.181.149,192.168.40.235,80→18617,TCP,Infilteration,52.4%,MEDIUM,Infilteration (7),Infilteration (7),None
13:30:36,10.90.114.90,192.168.65.151,55876→25855,TCP,Infilteration,52.4%,MEDIUM,Infilteration (7),Infilteration (7),None
13:30:36,10.4.13.167,192.168.132.110,51377→42565,TCP,Infilteration,52.4%,MEDIUM,Infilteration (7),Infilteration (7),None
13:30:36,10.255.51.122,192.168.145.170,80→30485,TCP,Infilteration,52.4%,MEDIUM,Infilteration (7),Infilteration (7),None
13:30:36,10.237.2.164,192.168.154.202,5355→60453,UDP,Benign,58.2%,INFO,Benign (0),Benign (0),None
13:30:37,10.65.45.53,192.168.157.224,51763→2424,TCP,Infilteration,52.4%,MEDIUM,Infilteration (7),Infilteration (7),None
13:30:37,10.164.66.198,192.168.156.20,53495→38072,TCP,Infilteration,52.4%,MEDIUM,Infilteration (7),Infilteration (7),None
13:30:37,10.66.17.64,192.168.130.224,80→21693,TCP,Infilteration,52.4%,MEDIUM,Infilteration (7),Infilteration (7),None
13:30:37,10.52.186.102,192.168.235.179,53→42640,UDP,Benign,58.2%,INFO,Benign (0),Benign (0),None
13:30:37,10.49.78.241,192.168.241.71,445→58400,TCP,Infilteration,52.4%,MEDIUM,Infilteration (7),Infilteration (7),None
13:30:37,10.193.159.10,192.168.145.122,3784→36589,TCP,Infilteration,52.4%,MEDIUM,Infilteration (7),Infilteration (7),None
13:30:37,10.85.180.206,192.168.38.124,443→25502,TCP,Infilteration,52.4%,MEDIUM,Infilteration (7),Infilteration (7),None
13:30:37,10.99.19.128,192.168.84.242,3389→36646,TCP,Infilteration,52.4%,MEDIUM,Infilteration (7),Infilteration (7),None
13:30:37,10.114.249.237,192.168.56.217,80→55034,TCP,Infilteration,52.4%,MEDIUM,Infilteration (7),Infilteration (7),None
13:30:37,10.122.207.16,192.168.237.31,443→57162,TCP,Infilteration,52.4%,MEDIUM,Infilteration (7),Infilteration (7),None
13:30:37,10.151.75.19,192.168.142.209,445→13012,TCP,Infilteration,52.4%,MEDIUM,Infilteration (7),Infilteration (7),None
13:30:37,10.57.51.84,192.168.165.71,3389→21512,TCP,Infilteration,52.4%,MEDIUM,Infilteration (7),Infilteration (7),None
13:30:38,10.4.153.28,192.168.11.36,53→7655,UDP,Benign,58.2%,INFO,Benign (0),Benign (0),None
13:30:38,10.153.179.238,192.168.149.180,3389→37241,TCP,Infilteration,52.4%,MEDIUM,Infilteration (7),Infilteration (7),None
13:30:38,10.250.51.248,192.168.224.123,3389→11347,TCP,Infilteration,52.4%,MEDIUM,Infilteration (7),Infilteration (7),None
13:30:38,10.58.71.175,192.168.245.251,40296→49617,TCP,Infilteration,52.4%,MEDIUM,Infilteration (7),Infilteration (7),None
13:30:38,10.95.240.31,192.168.54.171,51653→42178,TCP,Infilteration,52.4%,MEDIUM,Infilteration (7),Infilteration (7),None
13:30:38,10.201.148.40,192.168.155.164,53→13453,UDP,Benign,58.2%,INFO,Benign (0),Benign (0),None
13:30:38,10.124.84.10,192.168.173.10,443→19149,TCP,Infilteration,52.4%,MEDIUM,Infilteration (7),Infilteration (7),None
13:30:38,10.6.153.122,192.168.131.96,3389→17029,TCP,Infilteration,52.4%,MEDIUM,Infilteration (7),Infilteration (7),None
13:30:38,10.70.118.56,192.168.178.10,80→57981,TCP,Infilteration,52.4%,MEDIUM,Infilteration (7),Infilteration (7),None
13:30:38,10.121.106.248,192.168.209.154,53→3938,UDP,Benign,58.2%,INFO,Benign (0),Benign (0),None
13:30:38,10.81.221.175,192.168.51.77,3389→37502,TCP,Infilteration,52.4%,MEDIUM,Infilteration (7),Infilteration (7),None
13:30:39,10.121.84.110,192.168.204.9,53→38658,UDP,Benign,58.2%,INFO,Benign (0),Benign (0),None
13:30:39,10.207.209.201,192.168.149.143,445→62448,TCP,Infilteration,52.4%,MEDIUM,Infilteration (7),Infilteration (7),None
13:30:39,10.232.211.95,192.168.41.208,33192→25448,TCP,Infilteration,52.4%,MEDIUM,Infilteration (7),Infilteration (7),None
13:30:39,10.226.197.235,192.168.218.31,443→45266,TCP,Infilteration,52.4%,MEDIUM,Infilteration (7),Infilteration (7),None
13:30:39,10.187.76.103,192.168.184.241,443→32438,TCP,Infilteration,52.4%,MEDIUM,Infilteration (7),Infilteration (7),None
13:30:39,10.254.127.126,192.168.153.31,443→27022,TCP,Infilteration,52.4%,MEDIUM,Infilteration (7),Infilteration (7),None
13:30:39,10.38.184.173,192.168.132.207,80→19782,TCP,Infilteration,52.4%,MEDIUM,Infilteration (7),Infilteration (7),None
13:30:39,10.238.213.21,192.168.39.228,3389→31051,TCP,Infilteration,52.4%,MEDIUM,Infilteration (7),Infilteration (7),None
13:30:39,10.106.81.168,192.168.147.155,52481→41191,TCP,Infilteration,52.4%,MEDIUM,Infilteration (7),Infilteration (7),None
13:30:39,10.17.63.229,192.168.159.203,11851→63415,TCP,Infilteration,52.4%,MEDIUM,Infilteration (7),Infilteration (7),None
13:30:39,10.241.54.197,192.168.173.97,51318→47990,TCP,Infilteration,52.4%,MEDIUM,Infilteration (7),Infilteration (7),None
13:30:40,10.76.156.248,192.168.200.86,53→35537,UDP,Benign,58.2%,INFO,Benign (0),Benign (0),None
13:30:40,10.36.100.239,192.168.152.167,55003→9313,TCP,Infilteration,52.4%,MEDIUM,Infilteration (7),Infilteration (7),None
13:30:40,10.106.5.149,192.168.162.202,50589→50716,TCP,Infilteration,52.4%,MEDIUM,Infilteration (7),Infilteration (7),None
13:30:40,10.185.97.103,192.168.34.143,53→51598,UDP,Benign,58.2%,INFO,Benign (0),Benign (0),None
13:30:40,10.112.136.207,192.168.167.108,443→23538,TCP,Infilteration,52.4%,MEDIUM,Infilteration (7),Infilteration (7),None
13:30:40,10.202.133.254,192.168.43.114,443→21845,TCP,Infilteration,52.4%,MEDIUM,Infilteration (7),Infilteration (7),None
13:30:40,10.187.222.158,192.168.112.111,53→15455,UDP,Benign,58.2%,INFO,Benign (0),Benign (0),None
13:30:40,10.252.131.152,192.168.218.132,42663→28650,TCP,Infilteration,52.4%,MEDIUM,Infilteration (7),Infilteration (7),None
13:30:40,10.108.185.6,192.168.76.50,80→51147,TCP,Infilteration,52.4%,MEDIUM,Infilteration (7),Infilteration (7),None
13:30:40,10.156.213.129,192.168.51.195,50907→55100,TCP,Infilteration,52.4%,MEDIUM,Infilteration (7),Infilteration (7),None
13:30:40,10.167.209.176,192.168.82.113,53→33603,UDP,Benign,58.2%,INFO,Benign (0),Benign (0),None
13:30:41,10.246.80.92,192.168.202.155,443→39951,TCP,Infilteration,52.4%,MEDIUM,Infilteration (7),Infilteration (7),None
13:30:41,10.246.109.28,192.168.147.230,52390→48776,TCP,Infilteration,52.4%,MEDIUM,Infilteration (7),Infilteration (7),None
13:30:41,10.172.148.176,192.168.196.18,61025→4135,TCP,Infilteration,52.4%,MEDIUM,Infilteration (7),Infilteration (7),None
13:30:41,10.230.23.167,192.168.170.42,58099→1943,TCP,Infilteration,52.4%,MEDIUM,Infilteration (7),Infilteration (7),None
13:30:41,10.158.90.183,192.168.168.135,443→59279,TCP,Infilteration,52.4%,MEDIUM,Infilteration (7),Infilteration (7),None
13:30:41,10.119.166.101,192.168.240.161,80→17535,TCP,Infilteration,52.4%,MEDIUM,Infilteration (7),Infilteration (7),None
13:30:41,10.19.252.17,192.168.204.41,53→1173,UDP,Benign,58.2%,INFO,Benign (0),Benign (0),None
13:30:41,10.219.104.235,192.168.76.107,52311→28548,TCP,Infilteration,52.4%,MEDIUM,Infilteration (7),Infilteration (7),None
13:30:41,10.151.129.111,192.168.147.57,52644→28088,TCP,Infilteration,52.4%,MEDIUM,Infilteration (7),Infilteration (7),None
13:30:41,10.251.129.181,192.168.217.10,53→40334,UDP,Benign,58.2%,INFO,Benign (0),Benign (0),None
13:30:41,10.67.166.121,192.168.85.30,80→38419,TCP,Infilteration,52.4%,MEDIUM,Infilteration (7),Infilteration (7),None
13:30:41,10.240.93.223,192.168.128.20,443→6894,TCP,Infilteration,52.4%,MEDIUM,Infilteration (7),Infilteration (7),None
13:30:42,10.10.85.212,192.168.231.24,53→43624,UDP,Benign,58.2%,INFO,Benign (0),Benign (0),None
13:30:42,10.157.40.156,192.168.156.23,53→56231,UDP,Benign,58.2%,INFO,Benign (0),Benign (0),None
13:30:42,10.115.10.107,192.168.2.251,443→50801,TCP,Infilteration,52.4%,MEDIUM,Infilteration (7),Infilteration (7),None
13:30:42,10.49.237.44,192.168.122.119,3389→11937,TCP,Infilteration,52.4%,MEDIUM,Infilteration (7),Infilteration (7),None
13:30:42,10.148.80.131,192.168.56.244,53→31385,UDP,Benign,58.2%,INFO,Benign (0),Benign (0),None
13:30:42,10.82.247.190,192.168.180.160,80→6566,TCP,Infilteration,52.4%,MEDIUM,Infilteration (7),Infilteration (7),None
13:30:42,10.50.100.18,192.168.100.144,65054→34805,TCP,Infilteration,52.4%,MEDIUM,Infilteration (7),Infilteration (7),None
13:30:42,10.234.144.10,192.168.190.254,80→28856,TCP,Infilteration,52.4%,MEDIUM,Infilteration (7),Infilteration (7),None
13:30:42,10.224.92.213,192.168.111.158,80→39919,TCP,Infilteration,52.4%,MEDIUM,Infilteration (7),Infilteration (7),None
13:30:42,10.95.200.22,192.168.133.139,3389→20827,TCP,Infilteration,52.4%,MEDIUM,Infilteration (7),Infilteration (7),None
13:30:42,10.91.143.63,192.168.92.88,49962→43228,TCP,Infilteration,52.4%,MEDIUM,Infilteration (7),Infilteration (7),None
13:30:43,10.177.73.155,192.168.97.35,53→18304,UDP,Benign,58.2%,INFO,Benign (0),Benign (0),None
13:30:43,10.136.22.149,192.168.86.60,53→61924,UDP,Benign,58.2%,INFO,Benign (0),Benign (0),None
13:30:43,10.70.154.47,192.168.248.151,445→36409,TCP,Infilteration,52.4%,MEDIUM,Infilteration (7),Infilteration (7),None
13:30:43,10.233.125.212,192.168.154.66,53→34816,UDP,Benign,58.2%,INFO,Benign (0),Benign (0),None
13:30:43,10.199.36.88,192.168.72.16,443→58615,TCP,Infilteration,52.4%,MEDIUM,Infilteration (7),Infilteration (7),None
13:30:43,10.128.124.16,192.168.237.205,17447→18489,TCP,Infilteration,52.4%,MEDIUM,Infilteration (7),Infilteration (7),None
13:30:43,10.163.189.44,192.168.96.148,50063→2556,TCP,Infilteration,52.4%,MEDIUM,Infilteration (7),Infilteration (7),None
13:30:43,10.233.247.187,192.168.159.91,53→17382,UDP,Benign,58.2%,INFO,Benign (0),Benign (0),None
13:30:43,10.231.158.28,192.168.177.179,33846→50989,TCP,Infilteration,52.4%,MEDIUM,Infilteration (7),Infilteration (7),None
13:30:43,10.129.239.121,192.168.252.183,52702→64512,TCP,Infilteration,52.4%,MEDIUM,Infilteration (7),Infilteration (7),None
13:30:43,10.197.141.105,192.168.158.144,443→20960,TCP,Infilteration,52.4%,MEDIUM,Infilteration (7),Infilteration (7),None
13:30:43,10.43.79.228,192.168.254.172,58508→13775,TCP,Infilteration,52.4%,MEDIUM,Infilteration (7),Infilteration (7),None
13:30:44,10.71.118.202,192.168.168.70,46068→56734,TCP,Infilteration,52.4%,MEDIUM,Infilteration (7),Infilteration (7),None
13:30:44,10.0.244.106,192.168.224.50,80→28367,TCP,Infilteration,52.4%,MEDIUM,Infilteration (7),Infilteration (7),None
13:30:44,10.1.122.216,192.168.166.11,40592→12730,TCP,Infilteration,52.4%,MEDIUM,Infilteration (7),Infilteration (7),None
13:30:44,10.14.25.71,192.168.179.183,22179→42369,TCP,Infilteration,52.4%,MEDIUM,Infilteration (7),Infilteration (7),None
13:30:44,10.118.17.158,192.168.173.151,0→25178,TCP,Infilteration,52.4%,MEDIUM,Infilteration (7),Infilteration (7),None
13:30:44,10.23.136.17,192.168.37.178,443→4576,TCP,Infilteration,52.4%,MEDIUM,Infilteration (7),Infilteration (7),None
13:30:44,10.44.143.44,192.168.209.21,54182→17452,TCP,Infilteration,52.4%,MEDIUM,Infilteration (7),Infilteration (7),None
13:30:44,10.15.244.152,192.168.93.197,443→49756,TCP,Infilteration,52.4%,MEDIUM,Infilteration (7),Infilteration (7),None
13:30:44,10.70.146.63,192.168.193.25,39444→51743,TCP,Infilteration,52.4%,MEDIUM,Infilteration (7),Infilteration (7),None
13:30:44,10.85.201.18,192.168.30.246,445→26229,TCP,Infilteration,52.4%,MEDIUM,Infilteration (7),Infilteration (7),None
13:30:44,10.164.2.84,192.168.159.152,3389→45126,TCP,Infilteration,52.4%,MEDIUM,Infilteration (7),Infilteration (7),None
13:30:45,10.43.180.189,192.168.0.121,58420→23326,TCP,Infilteration,52.4%,MEDIUM,Infilteration (7),Infilteration (7),None
13:30:45,10.196.231.213,192.168.209.88,3905→60044,TCP,Infilteration,52.4%,MEDIUM,Infilteration (7),Infilteration (7),None
13:30:45,10.85.85.177,192.168.234.105,53→17298,UDP,Benign,58.2%,INFO,Benign (0),Benign (0),None
13:30:45,10.50.229.185,192.168.50.115,43824→12615,TCP,Infilteration,52.4%,MEDIUM,Infilteration (7),Infilteration (7),None
13:30:45,10.245.163.219,192.168.228.159,34782→57320,TCP,Infilteration,52.4%,MEDIUM,Infilteration (7),Infilteration (7),None
13:30:45,10.206.132.125,192.168.205.34,53→30762,UDP,Benign,58.2%,INFO,Benign (0),Benign (0),None
13:30:45,10.236.117.213,192.168.118.18,49736→57714,TCP,Infilteration,52.4%,MEDIUM,Infilteration (7),Infilteration (7),None
13:30:45,10.105.171.59,192.168.158.78,3389→17452,TCP,Infilteration,52.4%,MEDIUM,Infilteration (7),Infilteration (7),None
13:30:45,10.173.254.120,192.168.135.157,53→13962,UDP,Benign,58.2%,INFO,Benign (0),Benign (0),None
13:30:45,10.70.28.132,192.168.174.114,3389→11445,TCP,Infilteration,52.4%,MEDIUM,Infilteration (7),Infilteration (7),None
13:30:45,10.76.90.249,192.168.50.40,443→21906,TCP,Infilteration,52.4%,MEDIUM,Infilteration (7),Infilteration (7),None
13:30:46,10.28.226.125,192.168.117.98,53→65325,UDP,Benign,58.2%,INFO,Benign (0),Benign (0),None
13:30:46,10.132.2.190,192.168.131.192,53→33826,UDP,Benign,58.2%,INFO,Benign (0),Benign (0),None
13:30:46,10.10.27.238,192.168.8.49,51732→63593,TCP,Infilteration,52.4%,MEDIUM,Infilteration (7),Infilteration (7),None
13:30:46,10.254.53.19,192.168.46.20,53→6543,UDP,Benign,58.2%,INFO,Benign (0),Benign (0),None
13:30:46,10.119.157.124,192.168.126.137,80→12733,TCP,Infilteration,52.4%,MEDIUM,Infilteration (7),Infilteration (7),None
13:30:46,10.112.64.135,192.168.5.23,53→22002,UDP,Benign,58.2%,INFO,Benign (0),Benign (0),None
13:30:46,10.95.227.83,192.168.158.176,53778→36447,TCP,Infilteration,52.4%,MEDIUM,Infilteration (7),Infilteration (7),None
13:30:46,10.207.126.182,192.168.243.12,25469→59177,TCP,Infilteration,52.4%,MEDIUM,Infilteration (7),Infilteration (7),None
13:30:46,10.147.148.130,192.168.154.177,53→5996,UDP,Benign,58.2%,INFO,Benign (0),Benign (0),None
13:30:46,10.40.249.220,192.168.175.136,65366→28093,TCP,Infilteration,52.4%,MEDIUM,Infilteration (7),Infilteration (7),None
13:30:46,10.93.45.101,192.168.209.96,50706→22110,TCP,Infilteration,52.4%,MEDIUM,Infilteration (7),Infilteration (7),None
13:30:47,10.47.23.212,192.168.108.85,53831→18045,TCP,Infilteration,52.4%,MEDIUM,Infilteration (7),Infilteration (7),None
13:30:47,10.81.24.228,192.168.85.225,3389→53951,TCP,Infilteration,52.4%,MEDIUM,Infilteration (7),Infilteration (7),None
13:30:47,10.140.17.148,192.168.240.2,19948→53751,TCP,Infilteration,52.4%,MEDIUM,Infilteration (7),Infilteration (7),None
13:30:47,10.17.196.46,192.168.11.89,55886→13208,TCP,Infilteration,52.4%,MEDIUM,Infilteration (7),Infilteration (7),None
13:30:47,10.186.58.60,192.168.195.129,53→21814,UDP,Benign,58.2%,INFO,Benign (0),Benign (0),None
13:30:47,10.226.1.8,192.168.160.65,53→52611,UDP,Benign,58.2%,INFO,Benign (0),Benign (0),None
13:30:47,10.171.83.245,192.168.229.169,443→15092,TCP,Infilteration,52.4%,MEDIUM,Infilteration (7),Infilteration (7),None
13:30:47,10.169.195.74,192.168.145.122,80→35035,TCP,Infilteration,52.4%,MEDIUM,Infilteration (7),Infilteration (7),None
13:30:47,10.21.126.192,192.168.66.176,53→45862,UDP,Benign,58.2%,INFO,Benign (0),Benign (0),None
13:30:47,10.248.247.39,192.168.133.231,80→5550,TCP,Infilteration,52.4%,MEDIUM,Infilteration (7),Infilteration (7),None
13:30:47,10.168.239.207,192.168.223.228,5355→17745,UDP,Benign,58.2%,INFO,Benign (0),Benign (0),None
13:30:47,10.152.47.212,192.168.246.136,3389→24030,TCP,Infilteration,52.4%,MEDIUM,Infilteration (7),Infilteration (7),None
13:30:48,10.194.14.90,192.168.108.115,80→13814,TCP,Infilteration,52.4%,MEDIUM,Infilteration (7),Infilteration (7),None
13:30:48,10.242.9.166,192.168.159.34,443→17306,TCP,Infilteration,52.4%,MEDIUM,Infilteration (7),Infilteration (7),None
13:30:48,10.178.152.83,192.168.119.53,1165→37548,TCP,Infilteration,52.4%,MEDIUM,Infilteration (7),Infilteration (7),None
13:30:48,10.51.206.23,192.168.73.245,80→16351,TCP,Infilteration,52.4%,MEDIUM,Infilteration (7),Infilteration (7),None
13:30:48,10.92.135.182,192.168.3.74,3389→8288,TCP,Infilteration,52.4%,MEDIUM,Infilteration (7),Infilteration (7),None
13:30:48,10.123.164.55,192.168.11.153,61156→36648,TCP,Infilteration,52.4%,MEDIUM,Infilteration (7),Infilteration (7),None
13:30:48,10.78.147.109,192.168.194.20,35208→3996,TCP,Infilteration,52.4%,MEDIUM,Infilteration (7),Infilteration (7),None
13:30:48,10.169.112.152,192.168.218.117,445→15561,TCP,Infilteration,52.4%,MEDIUM,Infilteration (7),Infilteration (7),None
13:30:48,10.170.206.36,192.168.45.146,3389→4500,TCP,Infilteration,52.4%,MEDIUM,Infilteration (7),Infilteration (7),None
13:30:48,10.51.26.229,192.168.31.240,53→26115,UDP,Benign,58.2%,INFO,Benign (0),Benign (0),None
13:30:48,10.125.246.248,192.168.1.176,3389→35996,TCP,Infilteration,52.4%,MEDIUM,Infilteration (7),Infilteration (7),None
13:30:49,10.182.11.228,192.168.220.155,80→36642,TCP,Infilteration,52.4%,MEDIUM,Infilteration (7),Infilteration (7),None
13:30:49,10.242.145.32,192.168.226.188,3389→39979,TCP,Infilteration,52.4%,MEDIUM,Infilteration (7),Infilteration (7),None
13:30:49,10.224.152.22,192.168.125.130,3389→36459,TCP,Infilteration,52.4%,MEDIUM,Infilteration (7),Infilteration (7),None
13:30:49,10.161.132.37,192.168.38.19,53→28775,UDP,Benign,58.2%,INFO,Benign (0),Benign (0),None
13:30:49,10.183.185.78,192.168.22.191,53→28256,UDP,Benign,58.2%,INFO,Benign (0),Benign (0),None
13:30:49,10.35.201.93,192.168.173.254,53→64488,UDP,Benign,58.2%,INFO,Benign (0),Benign (0),None
13:30:49,10.201.55.8,192.168.164.182,50887→15302,TCP,Infilteration,52.4%,MEDIUM,Infilteration (7),Infilteration (7),None
13:30:49,10.62.89.142,192.168.102.227,443→63490,TCP,Infilteration,52.4%,MEDIUM,Infilteration (7),Infilteration (7),None
13:30:49,10.202.235.215,192.168.92.109,53→32275,UDP,Benign,58.2%,INFO,Benign (0),Benign (0),None
13:30:49,10.129.202.72,192.168.22.174,443→30407,TCP,Infilteration,52.4%,MEDIUM,Infilteration (7),Infilteration (7),None
13:30:49,10.247.27.140,192.168.48.88,3389→13773,TCP,Infilteration,52.4%,MEDIUM,Infilteration (7),Infilteration (7),None
13:30:50,10.36.131.253,192.168.204.27,80→37426,TCP,Infilteration,52.4%,MEDIUM,Infilteration (7),Infilteration (7),None
13:30:50,10.43.17.71,192.168.114.250,80→10671,TCP,Infilteration,52.4%,MEDIUM,Infilteration (7),Infilteration (7),None
13:30:50,10.222.234.137,192.168.24.149,53→33958,UDP,Benign,58.2%,INFO,Benign (0),Benign (0),None
13:30:50,10.164.193.200,192.168.63.123,0→51797,TCP,Infilteration,52.4%,MEDIUM,Infilteration (7),Infilteration (7),None
13:30:50,10.152.18.74,192.168.126.47,53→28669,UDP,Benign,58.2%,INFO,Benign (0),Benign (0),None
13:30:50,10.33.101.74,192.168.125.81,53→6738,UDP,Benign,58.2%,INFO,Benign (0),Benign (0),None
13:30:50,10.153.55.3,192.168.221.129,53→53190,UDP,Benign,58.2%,INFO,Benign (0),Benign (0),None
13:30:50,10.219.134.37,192.168.253.4,80→30352,TCP,Infilteration,52.4%,MEDIUM,Infilteration (7),Infilteration (7),None
13:30:50,10.4.243.105,192.168.153.246,53→5563,UDP,Benign,58.2%,INFO,Benign (0),Benign (0),None
13:30:50,10.145.141.153,192.168.197.111,57730→29511,TCP,Infilteration,52.4%,MEDIUM,Infilteration (7),Infilteration (7),None
13:30:50,10.25.138.190,192.168.144.131,49556→11945,TCP,Infilteration,52.4%,MEDIUM,Infilteration (7),Infilteration (7),None
13:30:51,10.134.64.137,192.168.138.73,443→64343,TCP,Infilteration,52.4%,MEDIUM,Infilteration (7),Infilteration (7),None
13:30:51,10.122.96.243,192.168.122.140,52013→27397,TCP,Infilteration,52.4%,MEDIUM,Infilteration (7),Infilteration (7),None
13:30:51,10.215.192.51,192.168.121.229,53→39621,UDP,Benign,58.2%,INFO,Benign (0),Benign (0),None
13:30:51,10.174.58.160,192.168.85.53,80→46954,TCP,Infilteration,52.4%,MEDIUM,Infilteration (7),Infilteration (7),None
13:30:51,10.154.165.164,192.168.115.120,3389→13592,TCP,Infilteration,52.4%,MEDIUM,Infilteration (7),Infilteration (7),None
13:30:51,10.195.175.153,192.168.17.103,3389→18710,TCP,Infilteration,52.4%,MEDIUM,Infilteration (7),Infilteration (7),None
13:30:51,10.69.53.30,192.168.130.38,51092→33399,TCP,Infilteration,52.4%,MEDIUM,Infilteration (7),Infilteration (7),None
13:30:51,10.16.41.82,192.168.242.226,52650→60913,TCP,Infilteration,52.4%,MEDIUM,Infilteration (7),Infilteration (7),None
13:30:51,10.225.5.69,192.168.175.123,443→20862,TCP,Infilteration,52.4%,MEDIUM,Infilteration (7),Infilteration (7),None
13:30:51,10.195.149.219,192.168.137.240,443→26810,TCP,Infilteration,52.4%,MEDIUM,Infilteration (7),Infilteration (7),None
13:30:51,10.196.95.215,192.168.117.108,56163→40820,TCP,Infilteration,52.4%,MEDIUM,Infilteration (7),Infilteration (7),None
13:30:52,10.132.77.129,192.168.6.13,445→25123,TCP,Infilteration,52.4%,MEDIUM,Infilteration (7),Infilteration (7),None
13:30:52,10.235.203.174,192.168.18.254,3389→56752,TCP,Infilteration,52.4%,MEDIUM,Infilteration (7),Infilteration (7),None
13:30:52,10.121.121.202,192.168.2.97,28361→15041,TCP,Infilteration,52.4%,MEDIUM,Infilteration (7),Infilteration (7),None
13:30:52,10.161.149.239,192.168.202.82,53→58004,UDP,Benign,58.2%,INFO,Benign (0),Benign (0),None
13:30:52,10.151.27.3,192.168.6.169,80→17922,TCP,Infilteration,52.4%,MEDIUM,Infilteration (7),Infilteration (7),None
13:30:52,10.205.189.28,192.168.19.51,53→56363,UDP,Benign,58.2%,INFO,Benign (0),Benign (0),None
13:30:52,10.79.68.177,192.168.38.65,3389→32138,TCP,Infilteration,52.4%,MEDIUM,Infilteration (7),Infilteration (7),None
13:30:52,10.143.93.100,192.168.58.92,56275→42603,TCP,Infilteration,52.4%,MEDIUM,Infilteration (7),Infilteration (7),None
13:30:52,10.86.83.244,192.168.178.139,3389→1407,TCP,Infilteration,52.4%,MEDIUM,Infilteration (7),Infilteration (7),None
13:30:52,10.54.19.200,192.168.196.43,51072→50154,TCP,Infilteration,52.4%,MEDIUM,Infilteration (7),Infilteration (7),None
13:30:53,10.3.41.71,192.168.243.252,443→22524,TCP,Infilteration,52.4%,MEDIUM,Infilteration (7),Infilteration (7),None
13:30:53,10.193.143.124,192.168.225.24,54935→1992,TCP,Infilteration,52.4%,MEDIUM,Infilteration (7),Infilteration (7),None
13:30:53,10.85.163.208,192.168.175.214,50984→26922,TCP,Infilteration,52.4%,MEDIUM,Infilteration (7),Infilteration (7),None
13:30:53,10.100.103.146,192.168.110.150,53→61381,UDP,Benign,58.2%,INFO,Benign (0),Benign (0),None
13:30:53,10.125.72.129,192.168.184.5,55406→4341,TCP,Infilteration,52.4%,MEDIUM,Infilteration (7),Infilteration (7),None
13:30:53,10.19.151.64,192.168.239.120,3389→3787,TCP,Infilteration,52.4%,MEDIUM,Infilteration (7),Infilteration (7),None
13:30:53,10.14.42.89,192.168.163.154,53→54587,UDP,Benign,58.2%,INFO,Benign (0),Benign (0),None
13:30:53,10.189.77.112,192.168.221.53,53→60525,UDP,Benign,58.2%,INFO,Benign (0),Benign (0),None
13:30:53,10.159.152.148,192.168.94.101,35020→26790,TCP,Infilteration,52.4%,MEDIUM,Infilteration (7),Infilteration (7),None
13:30:53,10.181.99.164,192.168.244.166,51206→65476,TCP,Infilteration,52.4%,MEDIUM,Infilteration (7),Infilteration (7),None
13:30:53,10.197.112.204,192.168.57.62,50114→57471,TCP,Infilteration,52.4%,MEDIUM,Infilteration (7),Infilteration (7),None
13:30:54,10.41.5.243,192.168.120.205,445→49515,TCP,Infilteration,52.4%,MEDIUM,Infilteration (7),Infilteration (7),None
13:30:54,10.39.80.66,192.168.5.188,51065→20569,TCP,Infilteration,52.4%,MEDIUM,Infilteration (7),Infilteration (7),None
13:30:54,10.161.35.239,192.168.85.222,445→22624,TCP,Infilteration,52.4%,MEDIUM,Infilteration (7),Infilteration (7),None
13:30:54,10.36.16.166,192.168.82.171,3389→18650,TCP,Infilteration,52.4%,MEDIUM,Infilteration (7),Infilteration (7),None
13:30:54,10.192.145.200,192.168.214.223,445→2410,TCP,Infilteration,52.4%,MEDIUM,Infilteration (7),Infilteration (7),None
13:30:54,10.96.111.172,192.168.225.2,51471→26570,TCP,Infilteration,52.4%,MEDIUM,Infilteration (7),Infilteration (7),None
13:30:54,10.156.15.185,192.168.168.75,23→31180,TCP,Infilteration,52.4%,MEDIUM,Infilteration (7),Infilteration (7),None
13:30:54,10.47.244.108,192.168.48.111,80→48920,TCP,Infilteration,52.4%,MEDIUM,Infilteration (7),Infilteration (7),None
13:30:54,10.170.224.68,192.168.246.102,3389→1912,TCP,Infilteration,52.4%,MEDIUM,Infilteration (7),Infilteration (7),None
13:30:54,10.227.68.239,192.168.175.220,50994→30348,TCP,Infilteration,52.4%,MEDIUM,Infilteration (7),Infilteration (7),None
13:30:54,10.83.102.85,192.168.93.239,443→60520,TCP,Infilteration,52.4%,MEDIUM,Infilteration (7),Infilteration (7),None
13:30:55,10.131.99.4,192.168.142.55,443→24951,TCP,Infilteration,52.4%,MEDIUM,Infilteration (7),Infilteration (7),None
13:30:55,10.159.209.182,192.168.9.165,53→33949,UDP,Benign,58.2%,INFO,Benign (0),Benign (0),None
13:30:55,10.163.212.175,192.168.251.184,53→16471,UDP,Benign,58.2%,INFO,Benign (0),Benign (0),None
13:30:55,10.14.199.158,192.168.48.190,445→33666,TCP,Infilteration,52.4%,MEDIUM,Infilteration (7),Infilteration (7),None
13:30:55,10.198.226.175,192.168.213.243,49614→60471,TCP,Infilteration,52.4%,MEDIUM,Infilteration (7),Infilteration (7),None
13:30:55,10.80.160.61,192.168.9.163,43546→8457,TCP,Infilteration,52.4%,MEDIUM,Infilteration (7),Infilteration (7),None
13:30:55,10.226.232.225,192.168.32.134,53→7383,UDP,Benign,58.2%,INFO,Benign (0),Benign (0),None
13:30:55,10.106.9.5,192.168.186.134,53→12448,UDP,Benign,58.2%,INFO,Benign (0),Benign (0),None
13:30:55,10.252.30.187,192.168.97.36,53→32187,UDP,Benign,58.2%,INFO,Benign (0),Benign (0),None
13:30:55,10.101.206.228,192.168.166.229,443→30115,TCP,Infilteration,52.4%,MEDIUM,Infilteration (7),Infilteration (7),None
13:30:55,10.18.8.172,192.168.181.15,53→14892,UDP,Benign,58.2%,INFO,Benign (0),Benign (0),None
13:30:56,10.54.2.176,192.168.55.17,80→54786,TCP,Infilteration,52.4%,MEDIUM,Infilteration (7),Infilteration (7),None
13:30:56,10.69.119.141,192.168.34.35,50167→27901,TCP,Infilteration,52.4%,MEDIUM,Infilteration (7),Infilteration (7),None
13:30:56,10.198.177.252,192.168.176.227,445→58671,TCP,Infilteration,52.4%,MEDIUM,Infilteration (7),Infilteration (7),None
13:30:56,10.230.54.64,192.168.175.39,33682→60725,TCP,Infilteration,52.4%,MEDIUM,Infilteration (7),Infilteration (7),None
13:30:56,10.138.236.22,192.168.209.224,3389→52758,TCP,Infilteration,52.4%,MEDIUM,Infilteration (7),Infilteration (7),None
13:30:56,10.148.215.172,192.168.161.47,43094→38731,TCP,Infilteration,52.4%,MEDIUM,Infilteration (7),Infilteration (7),None
13:30:56,10.194.183.120,192.168.124.110,3389→22136,TCP,Infilteration,52.4%,MEDIUM,Infilteration (7),Infilteration (7),None
13:30:56,10.2.57.170,192.168.73.102,445→54039,TCP,Infilteration,52.4%,MEDIUM,Infilteration (7),Infilteration (7),None
13:30:56,10.78.163.67,192.168.101.163,3389→18439,TCP,Infilteration,52.4%,MEDIUM,Infilteration (7),Infilteration (7),None
13:30:56,10.4.194.181,192.168.34.2,50185→25684,TCP,Infilteration,52.4%,MEDIUM,Infilteration (7),Infilteration (7),None
13:30:57,10.119.92.213,192.168.188.86,443→17187,TCP,Infilteration,52.4%,MEDIUM,Infilteration (7),Infilteration (7),None
13:30:57,10.131.158.247,192.168.38.206,54906→46588,TCP,Infilteration,52.4%,MEDIUM,Infilteration (7),Infilteration (7),None
13:30:57,10.56.208.79,192.168.107.87,80→40453,TCP,Infilteration,52.4%,MEDIUM,Infilteration (7),Infilteration (7),None
13:30:57,10.191.45.101,192.168.236.137,8080→20105,TCP,Infilteration,52.4%,MEDIUM,Infilteration (7),Infilteration (7),None
13:30:57,10.168.228.174,192.168.131.236,80→32085,TCP,Infilteration,52.4%,MEDIUM,Infilteration (7),Infilteration (7),None
13:30:57,10.235.154.201,192.168.76.238,80→4135,TCP,Infilteration,52.4%,MEDIUM,Infilteration (7),Infilteration (7),None
13:30:57,10.244.99.155,192.168.254.114,80→18359,TCP,Infilteration,52.4%,MEDIUM,Infilteration (7),Infilteration (7),None
13:30:57,10.36.102.239,192.168.38.109,21→5063,TCP,Infilteration,52.4%,MEDIUM,Infilteration (7),Infilteration (7),None
